US_Fed_Rate,European_Central_Bank_Rate,China_Central_Bank_Rate,crypto_Solana,crypto_Bitcoin,crypto_Cardano,crypto_XRP,crypto_Ethereum,crypto_Dogecoin,stock_BABA,stock_MSTR,stock_COIN,stock_TSLA,stock_PDD,stock_PLTR,stock_BIDU,stock_JD,US_Fed_Rate_change,European_Central_Bank_Rate_change,China_Central_Bank_Rate_change,crypto_Solana_change,crypto_Bitcoin_change,crypto_Cardano_change,crypto_XRP_change,crypto_Ethereum_change,crypto_Dogecoin_change,stock_BABA_change,stock_MSTR_change,stock_COIN_change,stock_TSLA_change,stock_PDD_change,stock_PLTR_change,stock_BIDU_change,stock_JD_change
0.125,0.75,5.5,0.0,0.0,0.0,0.0,0.0,0.0,0.0,0.0,0.0,0.0,0.0,0.0,0.0,0.0,0.0,0.0,0.0,0.0,0.0,0.0,0.0,0.0,0.0,0.0,0.0,0.0,0.0,0.0,0.0,0.0,0.0
0.125,0.75,5.5,0.0,0.0,0.0,0.0,0.0,0.0,0.0,0.0,0.0,0.0,0.0,0.0,0.0,0.0,0.0,0.0,0.0,0.0,0.0,0.0,0.0,0.0,0.0,0.0,0.0,0.0,0.0,0.0,0.0,0.0,0.0
0.125,0.75,5.3,0.0,0.0,0.0,0.0,0.0,0.0,0.0,0.0,0.0,0.0,0.0,0.0,0.0,0.0,0.0,0.0,-0.20000000000000018,0.0,0.0,0.0,0.0,0.0,0.0,0.0,0.0,0.0,0.0,0.0,0.0,0.0,0.0
0.125,0.75,5.3,0.0,0.0,0.0,0.0,0.0,0.0,0.0,0.0,0.0,0.0,0.0,0.0,0.0,0.0,0.0,0.0,0.0,0.0,0.0,0.0,0.0,0.0,0.0,0.0,0.0,0.0,0.0,0.0,0.0,0.0,0.0
0.125,0.75,5.3,0.0,0.0,0.0,0.0,0.0,0.0,0.0,0.0,0.0,0.0,0.0,0.0,0.0,0.0,0.0,0.0,0.0,0.0,0.0,0.0,0.0,0.0,0.0,0.0,0.0,0.0,0.0,0.0,0.0,0.0,0.0
0.125,0.75,5.3,0.0,140.56,0.0,0.0,0.0,0.0,0.0,0.0,0.0,0.0,0.0,0.0,0.0,0.0,0.0,0.0,0.0,0.0,0.0,0.0,0.0,0.0,0.0,0.0,0.0,0.0,0.0,0.0,0.0,0.0,0.0
0.125,0.75,5.3,0.0,119.62,0.0,0.0,0.0,0.0,0.0,0.0,0.0,0.0,0.0,0.0,0.0,0.0,0.0,0.0,0.0,0.0,-20.939999999999998,0.0,0.0,0.0,0.0,0.0,0.0,0.0,0.0,0.0,0.0,0.0,0.0
0.125,0.5,5.3,0.0,108.13,0.0,0.0,0.0,0.0,0.0,0.0,0.0,0.0,0.0,0.0,0.0,0.0,0.0,-0.25,0.0,0.0,-11.490000000000009,0.0,0.0,0.0,0.0,0.0,0.0,0.0,0.0,0.0,0.0,0.0,0.0
0.125,0.5,5.3,0.0,90.35,0.0,0.0,0.0,0.0,0.0,0.0,0.0,0.0,0.0,0.0,0.0,0.0,0.0,0.0,0.0,0.0,-17.78,0.0,0.0,0.0,0.0,0.0,0.0,0.0,0.0,0.0,0.0,0.0,0.0
0.125,0.5,5.3,0.0,113.58,0.0,0.01,0.0,0.0,0.0,12.259142875671388,0.0,10.936793690636044,0.0,0.0,170.2671428862072,0.0,0.0,0.0,0.0,0.0,23.230000000000004,0.0,0.0,0.0,0.0,0.0,0.0,0.0,0.0,0.0,0.0,0.0,0.0
0.125,0.5,5.3,0.0,130.45,0.0,0.01,0.0,0.0,0.0,12.799210598594264,0.0,13.734877184817666,0.0,0.0,166.7947355571546,0.0,0.0,0.0,0.0,0.0,16.86999999999999,0.0,0.0,0.0,0.0,0.0,0.5400677229228759,0.0,2.798083494181622,0.0,0.0,-3.4724073290526007,0.0
0.125,0.5,5.3,0.0,156.86,0.0,0.01,0.0,0.0,0.0,12.435380981082009,0.0,15.543111029125397,0.0,0.0,164.71142796107702,0.0,0.0,0.0,0.0,0.0,26.410000000000025,0.0,0.0,0.0,0.0,0.0,-0.3638296175122555,0.0,1.8082338443077308,0.0,0.0,-2.0833075960775886,0.0
0.125,0.5,5.3,0.0,533.11,0.0,0.01,0.0,0.0,0.0,11.044428598313104,0.0,13.885841369628906,0.0,0.0,155.5528564453125,0.0,0.0,0.0,0.0,0.0,376.25,0.0,0.0,0.0,0.0,0.0,-1.390952382768905,0.0,-1.6572696594964906,0.0,0.0,-9.158571515764521,0.0
0.125,0.5,5.3,0.0,802.58,0.0,0.03,0.0,51.181,0.0,13.02638103848412,0.0,13.311619168236142,0.0,0.0,159.65857296898253,21.664637565612793,0.0,0.0,0.0,0.0,269.47,0.0,0.019999999999999997,0.0,0.0,0.0,1.9819524401710158,0.0,-0.5742222013927645,0.0,0.0,4.105716523670026,0.0
0.125,0.25,5.3,0.0,842.83,0.0,0.02,0.0,81.8549,0.0,14.210381008329843,0.0,14.643904731387185,0.0,0.0,175.7461903889974,25.10428946358817,0.0,-0.25,0.0,0.0,40.25,0.0,-0.009999999999999998,0.0,30.673900000000003,0.0,1.1839999698457238,0.0,1.3322855631510429,0.0,0.0,16.08761742001488,3.439651897975377
0.125,0.25,5.3,0.0,663.85,0.0,0.02,0.0,132.0929,0.0,14.0928635597229,0.0,14.883060672066428,0.0,0.0,197.7731829556552,26.426852226257324,0.0,0.0,0.0,0.0,-178.98000000000002,0.0,0.0,0.0,50.237999999999985,0.0,-0.11751744860694302,0.0,0.23915594067924317,0.0,0.0,22.026992566657782,1.322562762669154
0.125,0.25,5.3,0.0,594.03,0.0,0.01,0.0,80.2507,0.0,13.917238053821382,0.0,17.039174397786457,0.0,0.0,216.4723823184059,27.853866395496187,0.0,0.0,0.0,0.0,-69.82000000000005,0.0,-0.01,0.0,-51.84219999999999,0.0,-0.17562550590151815,0.0,2.1561137257200294,0.0,0.0,18.699199362750704,1.4270141692388627
0.125,0.25,5.3,0.0,461.08,0.0,0.01,0.0,50.9054,86.73611736297607,13.705999964759464,0.0,17.6607300894601,0.0,0.0,220.6738092331659,26.473094758533296,0.0,0.0,0.0,0.0,-132.95,0.0,0.0,0.0,-29.345299999999995,0.0,-0.21123808906191854,0.0,0.6215556916736418,0.0,0.0,4.20142691476002,-1.3807716369628906
0.125,0.25,5.3,0.0,483.79,0.0,0.01,0.0,44.4591,87.62051093060037,14.668391227722168,0.0,15.95878261068593,0.0,0.0,216.7152172586192,23.277952194213867,0.0,0.0,0.0,0.0,22.710000000000036,0.0,0.0,0.0,-6.446300000000001,0.8843935676243007,0.9623912629627043,0.0,-1.7019474787741693,0.0,0.0,-3.958591974546721,-3.195142564319429
0.125,0.25,5.1,0.0,615.5,0.0,0.0,0.0,35.0453,108.29730144299958,16.427315762168483,0.0,16.438877256293047,0.0,0.0,243.24052509508635,23.342594648662367,0.0,0.0,-0.20000000000000018,0.0,131.70999999999998,0.0,-0.01,0.0,-9.413800000000002,20.676790512399208,1.7589245344463151,0.0,0.48009464560711734,0.0,0.0,26.525307836467164,0.06464245444849936
0.125,0.25,5.1,0.0,618.75,0.0,0.0,0.0,23.7045,103.21855995871805,16.45150019905784,0.0,14.57742417942394,0.0,0.0,230.22500055486503,22.460934552279387,0.0,0.0,0.0,0.0,3.25,0.0,-0.01,0.0,-11.340799999999998,-5.078741484281537,0.024184436889356675,0.0,-1.8614530768691075,0.0,0.0,-13.015524540221321,-0.8816600963829799
0.125,0.25,5.1,0.0,537.43,0.0,0.01,0.0,14.9997,96.9599941253662,16.055099964141846,0.0,13.550366592407226,0.0,0.0,223.22250061035157,22.93446683883667,0.0,0.0,0.0,0.0,-81.32000000000005,0.0,0.0,0.0,-8.704799999999999,-6.258565833351852,-0.3964002349159941,0.0,-1.0270575870167136,0.0,0.0,-7.00249994451346,0.4735322865572833
0.125,0.25,5.1,0.0,446.72,0.0,0.0,0.0,26.6112,84.00928296540913,17.644315920378034,0.0,14.044877303274054,0.0,0.0,210.91315901906867,25.261547891717207,0.0,0.0,0.0,0.0,-90.70999999999992,0.0,-0.01,0.0,11.6115,-12.950711159957066,1.5892159562361883,0.0,0.4945107108668285,0.0,0.0,-12.309341591282902,2.327081052880537
0.125,0.25,5.1,0.0,364.77,0.0,0.0,0.0,27.3951,80.9642448425293,16.966409163041547,0.0,12.981212095780808,0.0,0.0,208.97499986128375,26.866754271767356,0.0,0.0,0.0,0.0,-81.95000000000005,0.0,-0.01,0.0,0.7838999999999992,-3.0450381228798307,-0.677906757336487,0.0,-1.063665207493246,0.0,0.0,-1.9381591577849235,1.6052063800501486
0.125,0.25,5.1,0.0,366.17,0.0,0.01,0.0,22.8304,80.56764184860955,17.3742858341762,0.0,14.107428505307151,0.0,0.0,212.1047610328311,30.83871805100214,0.0,0.0,0.0,0.0,1.400000000000034,0.0,0.0,0.0,-4.564699999999998,-0.39660299391974263,0.40787667113465176,0.0,1.126216409526343,0.0,0.0,3.129761171547358,3.971963779234784
0.125,0.25,4.6,0.0,342.1,0.0,0.02,0.0,20.3314,84.54145889282226,17.805399799346922,0.0,16.148033142089844,0.0,0.0,195.7290000915527,31.494606304168705,0.0,0.0,-0.5,0.0,-24.069999999999993,0.0,0.01,0.0,-2.4990000000000023,3.9738170442127085,0.43111396517072365,0.0,2.0406046367826924,0.0,0.0,-16.3757609412784,0.655888253166566
0.125,0.25,4.6,0.0,250.62,0.0,0.02,0.0,15.5662,83.90055604414506,17.63881813396107,0.0,17.133454582907937,0.0,0.0,205.8168182373047,32.893122933127664,0.0,0.0,0.0,0.0,-91.48000000000002,0.0,0.0,0.0,-4.765199999999998,-0.6409028486772002,-0.16658166538585206,0.0,0.9854214408180937,0.0,0.0,10.087818145751982,1.3985166289589586
0.125,0.25,4.6,0.0,233.74,0.0,0.01,0.0,14.3709,78.46340144764294,18.306590860540215,0.0,17.773303031921387,0.0,0.0,190.74363708496097,31.131177035245027,0.0,0.0,0.0,0.0,-16.879999999999995,0.0,-0.01,0.0,-1.1952999999999996,-5.4371545965021255,0.6677727265791447,0.0,0.6398484490134493,0.0,0.0,-15.073181152343722,-1.7619458978826366
0.125,0.25,4.6,0.0,269.08,0.0,0.01,0.0,13.82,71.10976428077335,21.034952617826917,0.0,16.30336498078846,0.0,0.0,160.57762073335192,26.296050298781623,0.0,0.0,0.0,0.0,35.339999999999975,0.0,0.0,0.0,-0.5509000000000004,-7.353637166869589,2.7283617572867023,0.0,-1.469938051132928,0.0,0.0,-30.166016351609045,-4.835126736463405
0.125,0.25,4.6,0.0,235.47,0.0,0.01,0.0,11.1959,60.691656203497026,20.200237819126674,0.0,16.860412416004,0.0,0.0,141.99666559128534,23.427300771077473,0.0,0.0,0.0,0.0,-33.609999999999985,0.0,0.0,0.0,-2.6241000000000003,-10.418108077276322,-0.8347147987002437,0.0,0.5570474352155408,0.0,0.0,-18.580955142066585,-2.86874952770415
0.125,0.25,4.6,0.0,237.17,0.0,0.01,0.0,12.1677,68.9025093425404,19.41050000624223,0.0,14.798848498951305,0.0,0.0,154.10272841020063,25.47231422771107,0.0,0.0,0.0,0.0,1.6999999999999886,0.0,0.0,0.0,0.9718,8.210853139043373,-0.789737812884443,0.0,-2.0615639170526947,0.0,0.0,12.10606281891529,2.0450134566335976
0.125,0.25,4.6,0.0,237.54,0.0,0.01,0.0,17.9527,78.26072578430175,17.448399925231932,0.0,14.72546682357788,0.0,0.0,201.0155014038086,27.237657165527345,0.0,0.0,0.0,0.0,0.37000000000000455,0.0,0.0,0.0,5.785,9.358216441761357,-1.9621000810102984,0.0,-0.07338167537342422,0.0,0.0,46.91277299360797,1.7653429378162748
0.375,0.25,4.6,0.0,279.33,0.0,0.01,0.0,18.8009,80.40016070279208,17.626454440030184,0.0,15.344787901098078,0.0,0.0,199.2618172385476,29.89724211259322,0.25,0.0,0.0,0.0,41.78999999999999,0.0,0.0,0.0,0.8481999999999985,2.1394349184903234,0.17805451479825152,0.0,0.6193210775201976,0.0,0.0,-1.7536841652610065,2.6595849470658735
0.375,0.25,4.6,0.0,251.82,0.0,0.01,1.29,15.0507,68.81249718917043,15.54810539044832,0.0,13.637473708704896,0.0,0.0,170.1599988435444,25.608906996877568,0.0,0.0,0.0,0.0,-27.50999999999999,0.0,0.0,0.0,-3.7501999999999978,-11.58766351362165,-2.0783490495818633,0.0,-1.7073141923931825,0.0,0.0,-29.101818395003193,-4.28833511571565
0.375,0.25,4.6,0.0,233.85,0.0,0.01,1.0,12.6257,62.80636558532715,15.76254997253418,0.0,11.311333227157592,0.0,0.0,156.7240005493164,23.03815813064575,0.0,0.0,0.0,0.0,-17.97,0.0,0.0,-0.29000000000000004,-2.4250000000000007,-6.006131603843279,0.21444458208585893,0.0,-2.326140481547304,0.0,0.0,-13.435998294228,-2.570748866231817
0.375,0.0,4.6,0.0,263.85,0.0,0.01,0.66,12.1471,71.92441940307617,17.14586353302002,0.0,14.409818172454834,0.0,0.0,182.5095450661399,24.961500601335004,0.0,-0.25,0.0,0.0,30.00000000000003,0.0,0.0,-0.33999999999999997,-0.47860000000000014,9.118053817749022,1.3833135604858402,0.0,3.0984849452972423,0.0,0.0,25.785544516823506,1.9233424706892528
0.375,0.0,4.6,0.0,348.35,0.0,0.0,0.93,13.4102,75.94769359770275,18.516618910289942,0.0,16.7306033543178,0.0,0.0,189.57190522693452,25.689738228207545,0.0,-0.25,0.0,0.0,84.5,0.0,-0.01,0.27,1.2630999999999997,4.02327419462658,1.3707553772699228,0.0,2.3207851818629663,0.0,0.0,7.062360160794611,0.7282376268725415
0.375,0.0,4.35,0.0,423.03,0.0,0.01,0.89,14.2465,76.03783089773995,18.393952142624627,0.0,14.442254111880349,0.0,0.0,171.91000075567337,22.15907314845494,0.0,-0.25,-0.25,0.0,74.67999999999995,0.0,0.0,-0.040000000000000036,0.8362999999999996,0.090137300037199,-0.12266676766531504,0.0,-2.2883492424374516,0.0,0.0,-17.661904471261153,-3.5306650797526054
0.375,0.0,4.35,0.0,411.49,0.0,0.01,1.48,19.4501,74.78039516102184,18.334772543473676,0.0,14.322606130079787,0.0,0.0,165.83954551003197,19.959518692710184,0.0,-0.25,0.0,0.0,-11.539999999999964,0.0,0.0,0.59,5.2036,-1.257435736718108,-0.05917959915095139,0.0,-0.11964798180056135,0.0,0.0,-6.070455245641398,-2.1995544557447566
0.375,0.0,4.35,0.0,403.33,0.0,0.01,4.46,28.3357,79.01497497558594,18.16090030670166,0.0,14.891933250427249,0.0,0.0,162.97600021362305,20.280062198638916,0.0,-0.25,0.0,0.0,-8.160000000000025,0.0,0.0,2.98,8.8856,4.2345798145641,-0.17387223677201646,0.0,0.5693271203474612,0.0,0.0,-2.8635452964089154,0.3205435059287325
0.375,0.0,4.35,0.0,416.79,0.0,0.01,11.07,22.8117,88.84113145911175,16.650217470915422,0.0,14.91562320875085,0.0,0.0,169.8569568136464,22.61429537897525,0.0,-0.25,0.0,0.0,13.460000000000036,0.0,0.0,6.61,-5.524000000000001,9.826156483525807,-1.5106828357862376,0.0,0.02368995832360099,0.0,0.0,6.880956600023353,2.3342331803363336
0.375,0.0,4.35,0.0,433.81,0.0,0.01,8.99,22.3122,100.2182860601516,16.90423801967076,0.0,13.483746029081798,0.0,0.0,186.0904758998326,24.531829379853747,0.0,-0.25,0.0,0.0,17.019999999999982,0.0,0.0,-2.08,-0.4994999999999976,11.377154601039848,0.25402054875533864,0.0,-1.4318771796690513,0.0,0.0,16.23351908618619,1.9175340008784971
0.375,0.0,4.35,0.0,460.77,0.0,0.01,11.28,22.7538,100.59998612176804,17.362571353004093,0.0,13.44555545988537,0.0,0.0,177.99761817568825,24.861452829270135,0.0,-0.25,0.0,0.0,26.95999999999998,0.0,0.0,2.289999999999999,0.44159999999999755,0.3817000616164421,0.45833333333333215,0.0,-0.038190569196428825,0.0,0.0,-8.092857724144352,0.3296234494163883
0.375,0.0,4.35,0.0,639.79,0.0,0.01,14.34,27.8993,91.7321319580078,19.437238148280553,0.0,12.61050810132708,0.0,0.0,166.7123819986979,23.856567836943128,0.0,-0.25,0.0,0.0,179.01999999999998,0.0,0.0,3.0600000000000005,5.145500000000002,-8.867854163760242,2.0746667952764604,0.0,-0.83504735855829,0.0,0.0,-11.285236176990338,-1.004884992327007
0.625,0.0,4.35,0.0,661.77,0.0,0.01,11.87,26.1284,86.61321658179874,19.932762055169967,0.0,13.370190484183174,0.0,0.0,165.86857169015067,24.312080292474658,0.25,-0.25,0.0,0.0,21.980000000000018,0.0,0.0,-2.4700000000000006,-1.770900000000001,-5.11891537620906,0.4955239068894137,0.0,0.759682382856095,0.0,0.0,-0.8438103085472335,0.4555124555315295
0.625,0.0,4.35,0.0,580.39,0.0,0.01,11.12,23.3366,93.8391845703125,20.081099891662596,0.0,15.954700088500976,0.0,0.0,175.77250213623046,25.51600742340088,0.0,-0.25,0.0,0.0,-81.38,0.0,0.0,-0.75,-2.7917999999999985,7.225967988513759,0.14833783649262955,0.0,2.5845096043178017,0.0,0.0,9.903930446079784,1.2039271309262212
0.625,0.0,4.35,0.0,605.17,0.0,0.01,12.44,23.2755,98.58798940558182,19.24731575815301,0.0,17.580736862985713,0.0,0.0,180.24578937731292,27.60480449074193,0.0,-0.25,0.0,0.0,24.779999999999973,0.0,0.0,1.3200000000000003,-0.06109999999999971,4.7488048352693255,-0.8337841335095852,0.0,1.6260367744847368,0.0,0.0,4.47328724108246,2.0887970673410514
0.875,0.0,4.3,0.0,642.18,0.0,0.01,12.11,22.4538,101.885428055473,18.879000207652215,0.0,17.210434955099355,0.0,0.0,172.65695588485053,29.12495696026346,0.25,-0.25,-0.04999999999999982,0.0,37.00999999999999,0.0,0.0,-0.33000000000000007,-0.8216999999999999,3.297438649891177,-0.368315550500796,0.0,-0.37030190788635764,0.0,0.0,-7.588833492462385,1.5201524695215305
0.875,0.0,4.3,0.0,725.47,0.0,0.01,10.02,22.2043,107.71226220381888,18.675631774099248,0.0,20.3172281164872,0.0,0.0,177.18315766987047,31.041515751888877,0.0,-0.25,0.0,0.0,83.29000000000008,0.0,0.0,-2.09,-0.24950000000000117,5.826834148345881,-0.20336843355296708,0.0,3.106793161387845,0.0,0.0,4.526201785019936,1.916558791625416
0.875,0.0,4.3,0.0,823.94,0.0,0.01,7.84,22.0628,116.57834833318536,18.588681827891957,0.0,21.10160610892556,0.0,0.0,185.2159097844904,36.59131917086515,0.0,-0.25,0.0,0.0,98.47000000000003,0.0,0.0,-2.1799999999999997,-0.14150000000000063,8.86608612936648,-0.0869499462072909,0.0,0.7843779924383583,0.0,0.0,8.032752114619939,5.549803418976271
1.125,0.0,4.3,0.0,913.56,0.0,0.01,10.15,21.3669,131.87489492242986,18.45618178627708,0.0,24.38690913807262,0.0,0.0,180.58636474609375,37.53948818553578,0.25,-0.25,0.0,0.0,89.61999999999989,0.0,0.0,2.3100000000000005,-0.6958999999999982,15.2965465892445,-0.13250004161487539,0.0,3.2853030291470624,0.0,0.0,-4.629545038396657,0.9481690146706327
1.125,0.0,4.3,0.0,1058.02,0.0,0.01,12.27,20.7545,144.84943542480468,18.23404994010925,0.0,21.920333194732667,0.0,0.0,192.6964988708496,39.52974987030029,0.0,-0.25,0.0,0.0,144.46000000000004,0.0,0.0,2.119999999999999,-0.6124000000000009,12.974540502374822,-0.2221318461678301,0.0,-2.4665759433399543,0.0,0.0,12.11013412475586,1.990261684764512
1.125,0.0,4.3,0.0,1131.08,0.0,0.01,34.24,23.6324,156.9892518416695,12.905739245207414,0.0,23.391681007716965,0.0,0.0,224.67261140242863,40.808407327403195,0.0,-0.25,0.0,0.0,73.05999999999995,0.0,0.0,21.970000000000002,2.8779000000000003,12.139816416864818,-5.3283106949018375,0.0,1.4713478129842983,0.0,0.0,31.97611253157902,1.2786574571029021
1.125,0.0,4.3,0.0,1202.24,0.0,0.04,49.84,47.4334,167.788818359375,12.725400066375732,0.0,23.857133197784425,0.0,0.0,236.0605026245117,39.4886474609375,0.0,-0.25,0.0,0.0,71.16000000000008,0.0,0.03,15.600000000000001,23.801,10.7995665177055,-0.18033917883168193,0.0,0.4654521900674595,0.0,0.0,11.387891222083084,-1.319759866465695
1.125,0.0,4.3,0.0,1885.49,0.0,0.22,123.69,176.119,171.9722574407404,13.449772748080166,0.0,22.97887880151922,0.0,0.0,256.5731818459251,36.19345404885032,0.0,-0.25,0.0,0.0,683.25,0.0,0.18,73.85,128.6856,4.183439081365407,0.724372681704434,0.0,-0.8782543962652056,0.0,0.0,20.51267922141338,-3.2951934120871798
1.125,0.0,4.3,0.0,2629.26,0.0,0.29,311.11,315.9441,179.25636872791108,13.479285785130092,0.0,20.679460071382067,0.0,0.0,241.32476080031623,36.641161600748696,0.0,-0.25,0.0,0.0,743.7700000000002,0.0,0.06999999999999998,187.42000000000002,139.8251,7.284111287170674,0.029513037049925472,0.0,-2.299418730137152,0.0,0.0,-15.248421045608865,0.4477075518983753
1.375,0.0,4.3,0.0,2514.55,0.0,0.2,225.15,201.3216,167.67775650024413,13.33784999847412,0.0,21.522733211517338,0.0,0.0,234.6495002746582,37.49702682495117,0.25,-0.25,0.0,0.0,-114.71000000000004,0.0,-0.08999999999999997,-85.96000000000001,-114.6225,-11.578612227666952,-0.1414357866559719,0.0,0.8432731401352704,0.0,0.0,-6.675260525658018,0.8558652242024749
1.375,0.0,4.3,0.0,3843.35,0.0,0.19,298.94,181.9568,184.34447224934897,13.739857219514391,0.0,22.572222210112074,0.0,0.0,251.88333275204613,43.42802774338495,0.0,-0.25,0.0,0.0,1328.7999999999997,0.0,-0.010000000000000009,73.78999999999999,-19.364800000000002,16.66671574910484,0.40200722104027165,0.0,1.049488998594736,0.0,0.0,17.23383247738792,5.9310009184337815
1.375,0.0,4.3,0.0,4065.66,0.0,0.2,293.48,133.3366,178.77088125128495,13.498526372407612,0.0,22.385157936497738,0.0,0.0,237.1352643464741,43.00559696398283,0.0,-0.25,0.0,0.0,222.30999999999995,0.0,0.010000000000000009,-5.4599999999999795,-48.62019999999998,-5.57359099806402,-0.241330847106779,0.0,-0.18706427361433597,0.0,0.0,-14.748068405572042,-0.42243077940212004
1.625,0.0,4.3,0.0,5319.5,0.03,0.23,306.02,106.6888,182.11314101446243,13.136999993097216,0.0,21.06555548168364,0.0,0.0,249.3866715204148,40.66159075782413,0.25,-0.25,0.0,0.0,1253.8400000000001,0.0,0.03,12.539999999999964,-26.647800000000004,3.3422597631774806,-0.361526379310396,0.0,-1.319602454814099,0.0,0.0,12.25140717394072,-2.344006206158703
1.625,0.0,4.3,0.0,7765.5,0.03,0.23,356.27,146.4675,169.22594124930245,12.95923814319429,0.0,19.31819034758068,0.0,0.0,231.59285699753536,36.200328100295295,0.0,-0.25,0.0,0.0,2446.0,0.0,0.0,50.25,39.7787,-12.887199765159977,-0.17776184990292698,0.0,-1.7473651341029601,0.0,0.0,-17.793814522879444,-4.4612626575288346
1.875,0.0,4.3,0.0,15179.18,0.31,0.78,633.55,517.3938,187.65993014248937,12.990636392073196,0.0,19.323485027660023,0.0,0.0,255.2327284379439,34.30263744701039,0.25,-0.25,0.0,0.0,7413.68,0.28,0.55,277.28,370.9263000000001,18.43398889318692,0.03139824887890619,0.0,0.005294680079344971,0.0,0.0,23.63987144040854,-1.8976906532849043
2.125,0.0,4.3,0.0,13096.25,0.75,1.89,1096.37,960.3503,195.1709529331752,13.129000027974447,0.0,22.37336494809105,0.0,0.0,259.83428882417223,37.65672247750418,0.25,-0.25,0.0,0.0,-2082.9300000000003,0.44,1.1099999999999999,462.81999999999994,442.9564999999999,7.511022790685814,0.13836363590125167,0.0,3.049879920431028,0.0,0.0,4.6015603862283285,3.354085030493792
2.125,0.0,4.3,0.0,9449.41,0.38,0.98,874.8,574.5497,183.0894644601005,13.395285697210404,0.0,20.798317228044784,24.097500324249268,0.0,258.7780972435361,34.94678097679501,0.0,-0.25,0.0,0.0,-3646.84,-0.37,-0.9099999999999999,-221.56999999999994,-385.8005999999999,-12.0814884730747,0.2662856692359572,0.0,-1.5750477200462676,0.0,0.0,-1.0561915806361526,-2.7099415007091707
2.125,0.0,4.6,0.0,9078.51,0.21,0.74,631.73,393.5833,170.98963729194972,14.155739203743313,0.0,22.08095650050951,19.255652220352836,0.0,223.8034800653872,31.456285725469176,0.0,-0.25,0.2999999999999998,0.0,-370.89999999999964,-0.17,-0.24,-243.06999999999994,-180.96640000000002,-12.099827168150767,0.7604535065329081,0.0,1.2826392724647278,-4.841848103896432,0.0,-34.97461717814889,-3.490495251325836
2.375,0.0,4.6,0.0,7998.43,0.23,0.68,516.65,425.8699,157.31656606573807,14.629578991940146,0.0,19.343192853425677,23.85473683005885,0.0,222.18736909565172,24.762020512631064,0.25,-0.25,0.0,0.0,-1080.08,0.020000000000000018,-0.05999999999999994,-115.08000000000004,32.286599999999964,-13.673071226211647,0.4738397881968339,0.0,-2.7377636470838347,4.599084609706015,0.0,-1.6161109697354732,-6.694265212838111
2.375,0.0,4.6,0.0,8469.65,0.27,0.72,679.12,433.5,142.01891758130944,12.805652079374894,0.0,18.999536431354024,20.633043703825575,0.0,198.94956439474353,22.018465871396273,0.0,-0.25,0.0,0.0,471.21999999999935,0.04000000000000001,0.039999999999999925,162.47000000000003,7.630100000000027,-15.297648484428635,-1.823926912565252,0.0,-0.34365642207165337,-3.2216931262332764,0.0,-23.237804700908185,-2.743554641234791
2.375,0.0,4.6,0.0,6805.9,0.17,0.56,521.71,305.3308,145.87465050106957,12.65547616141183,0.0,22.96634919302804,20.69285692487444,0.0,186.95904686337423,20.68132682073684,0.0,-0.25,0.0,0.0,-1663.75,-0.1,-0.15999999999999992,-157.40999999999997,-128.1692,3.855732919760129,-0.15017591796306462,0.0,3.966812761674017,0.05981322104886644,0.0,-11.990517531369306,-1.3371390506594345
2.375,0.0,4.6,0.0,7122.22,0.15,0.46,463.7,295.5918,140.27520390560753,12.50036846963983,0.0,22.940631464908,22.05368413423237,0.0,170.93315686677633,19.791818418000872,0.0,-0.25,0.0,0.0,316.3200000000006,-0.020000000000000018,-0.10000000000000003,-58.01000000000005,-9.739000000000033,-5.599446595462041,-0.15510769177200068,0.0,-0.02571772812003914,1.3608272093579288,0.0,-16.025889996597897,-0.8895084027359665
2.375,0.0,4.6,0.0,6713.5,0.11,0.35,324.29,258.714,146.71117146809897,13.342523801894416,0.0,21.232952481224423,25.83142852783203,0.0,165.3990478515625,21.24982743036179,0.0,-0.25,0.0,0.0,-408.72000000000025,-0.039999999999999994,-0.11000000000000004,-139.40999999999997,-36.87779999999998,6.435967562491442,0.8421553322545865,0.0,-1.7076789836835786,3.7777443935996615,0.0,-5.534109015213829,1.4580090123609182
2.375,0.0,4.35,0.0,6615.92,0.08,0.38,227.94,581.7183,166.53029672723068,13.791789506611073,0.0,20.515227970324062,28.30947374042712,0.0,169.85999900416323,23.36766985843056,0.0,-0.25,-0.25,0.0,-97.57999999999993,-0.03,0.030000000000000027,-96.35000000000002,323.0043,19.81912525913171,0.44926570471665705,0.0,-0.7177245109003607,2.478045212595088,0.0,4.460951152600728,2.1178424280687693
2.375,0.0,4.35,0.0,6493.26,0.08,0.47,210.56,487.0005,174.42257690429688,14.394285701570055,0.0,18.517142886207218,26.490476244971862,0.0,167.0761907668341,26.59142103649321,0.0,-0.25,0.0,0.0,-122.65999999999985,0.0,0.08999999999999997,-17.379999999999995,-94.71780000000001,7.892280177066198,0.6024961949589827,0.0,-1.9980850841168447,-1.8189974954552568,0.0,-2.78380823732914,3.223751178062649
2.375,0.0,4.35,0.0,5435.73,0.06,0.46,170.26,287.5733,178.9068618047805,14.788857323782784,0.0,17.777047566005162,22.822857266380673,0.0,172.4980941045852,28.15791184561593,0.0,-0.25,0.0,0.0,-1057.5300000000007,-0.020000000000000004,-0.009999999999999953,-40.30000000000001,-199.42719999999997,4.48428490048363,0.39457162221272846,0.0,-0.7400953202020553,-3.6676189785911895,0.0,5.421903337751104,1.5664908091227225
2.375,0.0,4.35,0.0,3726.96,0.04,0.34,108.9,231.6,164.63038635253906,13.703363591974432,0.0,14.647697101939809,21.77318174188787,0.0,139.63999938964844,26.316452026367188,0.0,-0.25,0.0,0.0,-1708.7699999999995,-0.019999999999999997,-0.12,-61.359999999999985,-55.97330000000002,-14.276475452241442,-1.0854937318083522,0.0,-3.1293504640653538,-1.0496755244928018,0.0,-32.858094714936755,-1.841459819248744
2.375,0.0,4.35,0.0,3705.7,0.04,0.33,128.64,215.3973,156.08058700561523,13.870199871063232,0.0,14.247766637802124,20.29000005722046,0.0,113.88900032043458,26.130214881896972,0.0,-0.25,0.0,0.0,-21.26000000000022,0.0,-0.010000000000000009,19.73999999999998,-16.202699999999993,-8.549799346923834,0.16683627908880005,0.0,-0.3999304641376842,-1.4831816846674108,0.0,-25.75099906921386,-0.18623714447021555
2.125,0.0,4.35,0.0,3705.38,0.04,0.31,126.74,196.1022,167.5829412286932,12.681045575575396,0.0,16.158818244934082,20.507272807034575,0.0,114.61590888283467,28.985590414567422,-0.25,-0.25,0.0,0.0,-0.31999999999970896,0.0,-0.020000000000000018,-1.8999999999999915,-19.29509999999999,11.502354223077958,-1.1891542954878354,0.0,1.9110516071319577,0.21727274981411426,0.0,0.7269085624000979,2.8553755326704504
2.125,0.0,4.35,0.0,3972.64,0.05,0.31,137.28,203.5128,160.65765658291903,13.862818197770553,0.0,15.006848508661443,26.2004546252164,0.0,101.83045439286666,27.285001841458406,0.0,-0.25,0.0,0.0,267.25999999999976,0.010000000000000002,0.0,10.540000000000006,7.410599999999988,-6.9252846457741555,1.1817726221951563,0.0,-1.1519697362726387,5.693181818181824,0.0,-12.785454489968018,-1.700588573109016
1.875,0.05,4.25,0.0,5162.09,0.08,0.33,165.37,286.469,170.0235565185547,14.65169997215271,0.0,15.81743335723877,34.10499992370605,0.0,105.71350059509275,28.38947172164917,-0.25,-0.2,-0.09999999999999964,0.0,1189.4500000000003,0.03,0.020000000000000018,28.090000000000003,82.9562,9.365899935635667,0.7888817743821566,0.0,0.8105848485773262,7.904545298489655,0.0,3.8830462022260974,1.1044698801907629
1.625,0.1,4.15,0.0,7257.18,0.08,0.36,218.6,288.6858,165.63394231381625,14.541260802227518,0.0,17.756985581439473,35.163043727045476,0.0,103.79956552256708,28.03768025273862,-0.25,0.05,-0.09999999999999964,0.0,2095.09,0.0,0.02999999999999997,53.22999999999999,2.216799999999978,-4.38961420473845,-0.11043916992519165,0.0,1.9395522242007033,1.058043803339423,0.0,-1.9139350725256747,-0.35179146891054813
1.625,0.1,4.15,0.0,9379.12,0.09,0.43,274.27,321.0578,180.13106155395508,15.444999980926514,0.0,22.553333377838136,39.56749992370605,0.0,116.49600067138672,30.667411041259765,0.0,0.0,0.0,0.0,2121.9400000000005,0.009999999999999995,0.07,55.66999999999999,32.372000000000014,14.49711924013883,0.9037391786989968,0.0,4.796347796398663,4.4044561966605755,0.0,12.696435148819646,2.629730788521144
1.625,0.1,4.15,0.0,10669.29,0.07,0.34,249.07,315.5418,199.2914726620629,14.737285659426735,0.0,25.179650897071475,37.58904793148949,0.0,121.82190559023904,31.944579987298873,0.0,0.0,0.0,0.0,1290.17,-0.01999999999999999,-0.08999999999999997,-25.19999999999999,-5.515999999999963,19.16041110810781,-0.707714321499779,0.0,2.6263175192333392,-1.9784519922165629,0.0,5.325904918852316,1.277168946039108
1.625,0.1,4.05,0.0,10637.17,0.05,0.29,200.3,277.3765,211.01333908807663,14.568190574645996,0.0,35.243936357044035,38.67904735746838,0.0,134.93999953497024,36.55975614275251,0.0,0.0,-0.10000000000000053,0.0,-32.1200000000008,-0.020000000000000004,-0.050000000000000044,-48.76999999999998,-38.1653,11.721866426013747,-0.1690950847807393,0.0,10.06428545997256,1.0899994259788883,0.0,13.1180939447312,4.615176155453639
0.125,0.1,3.85,0.0,9823.23,0.05,0.26,185.68,246.6187,208.28308346396997,14.758315789072135,0.0,53.163122277510794,35.60105233443411,0.0,130.25789642333984,37.78759805779709,-1.5,0.0,-0.19999999999999973,0.0,-813.9400000000005,0.0,-0.02999999999999997,-14.620000000000005,-30.75780000000003,-2.730255624106661,0.19012521442613917,0.0,17.91918592046676,-3.077995023034269,0.0,-4.682103111630397,1.2278419150445785
0.125,0.0,3.85,0.0,8405.32,0.04,0.28,179.24,252.1987,186.76925173672765,11.622181849046187,0.0,37.27342466874556,35.200908487493344,0.0,102.03181838989258,37.65668227455833,0.0,-0.1,0.0,0.0,-1417.9099999999999,-0.010000000000000002,0.020000000000000018,-6.439999999999998,5.5800000000000125,-21.51383172724232,-3.136133940025948,0.0,-15.889697608765232,-0.40014384694076455,0.0,-28.226078033447266,-0.13091578323876263
0.125,0.0,3.85,0.0,8397.2,0.04,0.26,174.06,256.1041,194.9042213076637,12.29609525771368,0.0,44.2399050394694,44.493333180745445,0.0,100.4971426100958,40.598870231991725,0.0,-0.1,0.0,0.0,-8.119999999998981,0.0,-0.020000000000000018,-5.180000000000007,3.9054000000000144,8.13496957093605,0.6739134086674934,0.0,6.966480370723836,9.292424693252102,0.0,-1.5346757797967712,2.942187957433397
0.125,0.0,3.85,0.0,7291.69,0.04,0.21,138.35,214.8113,195.78388137817385,12.118699884414672,0.0,53.295033073425294,58.035000038146975,0.0,101.93149948120116,45.75683498382568,0.0,-0.1,0.0,0.0,-1105.5100000000011,0.0,-0.05000000000000002,-35.71000000000001,-41.29280000000003,0.8796600705101412,-0.17739537329900834,0.0,9.055128033955896,13.54166685740153,0.0,1.4343568711053507,5.157964751833951
0.125,-0.5,3.85,0.0,8350.38,0.04,0.22,155.96,233.4279,211.86856772682884,12.09259102561257,0.0,64.2361516085538,77.0527274391868,0.0,117.75772753628816,55.08378947864879,0.0,-0.6,0.0,0.0,1058.6899999999996,0.0,0.010000000000000009,17.610000000000014,18.616600000000005,16.084686348654998,-0.02610885880210212,0.0,10.941118535128503,19.01772740103982,0.0,15.826228055087,9.326954494823113
0.125,-0.5,3.85,0.0,9637.88,0.06,0.27,237.68,269.7234,239.5420351895419,11.907681811939586,0.0,97.3427276611328,85.79045521129261,0.0,123.9081812771884,58.49770545959473,0.0,0.0,0.0,0.0,1287.5,0.019999999999999997,0.05000000000000002,81.72,36.29550000000003,27.673467462713063,-0.1849092136729844,0.0,33.106576052579,8.737727772105814,0.0,6.150453740900247,3.413915980945937
0.125,-0.5,3.85,0.0,6904.26,0.03,0.18,161.78,195.643,256.47286914643786,13.78176198686872,0.0,120.01990472702752,90.02761840820312,0.0,124.49333263578868,65.1226913815453,0.0,0.0,0.0,0.0,-2733.619999999999,-0.03,-0.09000000000000002,-75.9,-74.08040000000003,16.930833956895952,1.8740801749291336,0.0,22.677177065894725,4.237163196910515,0.0,0.585151358600271,6.624985921950568
0.125,-0.5,3.85,0.68,7193.21,0.04,0.19,170.85,204.3675,268.03699457077755,14.957952317737398,0.0,137.83174532935732,81.33523813883464,9.5,123.33142889113654,71.41356622605096,0.0,0.0,0.0,0.0,288.9499999999998,0.010000000000000002,0.010000000000000009,9.069999999999993,8.724500000000006,11.564125424339693,1.1761903308686783,0.0,17.811840602329795,-8.692380269368485,0.0,-1.161903744652136,6.290874844505666
0.125,-0.5,3.85,0.61,9250.24,0.05,0.21,207.64,252.3081,292.66775790127843,16.48295441540805,0.0,142.40318090265447,83.04227343472567,9.804545445875688,129.81590860540217,75.20551230690695,0.0,0.0,0.0,-0.07000000000000006,2057.0299999999997,0.010000000000000002,0.01999999999999999,36.78999999999999,47.94059999999999,24.630763330500884,1.5250020976706509,0.0,4.571435573297151,1.707035295891032,0.30454544587568755,6.484479714265632,3.7919460808559933
0.125,-0.5,3.85,0.66,9484.57,0.08,0.19,236.03,249.0423,265.4301467895508,21.1873498916626,0.0,155.20416564941405,126.25650024414062,17.49850001335144,140.1345001220703,81.14406929016113,0.0,0.0,0.0,0.050000000000000044,234.32999999999993,0.03,-0.01999999999999999,28.390000000000015,-3.2657999999999845,-27.23761111172763,4.70439547625455,0.0,12.800984746759582,43.21422680941495,7.6939545674757515,10.318591516668135,5.938556983254173
0.125,-0.5,3.85,1.07,9554.06,0.12,0.2,257.46,317.481,246.02088026566935,32.18168206648393,0.0,212.9395446777344,150.02545374090022,26.32636373693293,174.8686384721236,77.99693957242098,0.0,0.0,0.0,0.41000000000000003,69.48999999999978,0.039999999999999994,0.010000000000000009,21.42999999999998,68.43869999999998,-19.409266523881456,10.99433217482133,0.0,57.73537902832035,23.768953496759593,8.82786372358149,34.734138350053286,-3.1471297177401425
0.125,-0.5,3.85,3.01,11643.16,0.13,0.29,400.39,343.8917,237.44964760228208,53.93363129465204,0.0,276.25894727204974,171.95157824064557,28.570526524593955,236.9968414306641,85.44332644813939,0.0,0.0,0.0,1.9399999999999997,2089.1000000000004,0.010000000000000009,0.08999999999999997,142.93,26.41070000000002,-8.571232663387264,21.751949228168108,0.0,63.319402594315335,21.926124499745356,2.2441627876610255,62.1282029585405,7.446386875718403
0.125,-0.5,3.85,3.16,10666.22,0.1,0.25,368.9,278.652,251.7833589252673,87.49036849172492,0.0,264.7564906070107,190.0836848208779,30.30894711143092,293.8631591796875,91.6820152684262,0.0,0.0,0.0,0.15000000000000036,-976.9400000000005,-0.03,-0.03999999999999998,-31.49000000000001,-65.23970000000003,14.33371132298521,33.556737197072884,0.0,-11.502456665039062,18.132106580232318,1.7384205868369662,56.86631774902341,6.238688820286811
0.125,-0.5,3.85,2.16,11836.3,0.1,0.25,375.72,262.4577,224.9576581872028,70.51582634967306,0.0,218.93420211128569,148.6600000132685,24.096956501836363,253.85391169009,80.83415487538214,0.0,0.0,0.0,-1.0,1170.08,0.0,0.0,6.82000000000005,-16.1943,-26.825700738064484,-16.97454214205186,0.0,-45.82228849572499,-41.42368480760939,-6.211990609594558,-40.0092474895975,-10.847860393044058
0.125,-0.5,3.85,1.97,16526.48,0.12,0.36,481.58,299.1203,224.70210702078683,68.55490475609189,310.83231060321515,236.53936476934524,136.77523803710938,23.289523987543017,216.52714175269716,73.53765905471076,0.0,0.0,0.0,-0.19000000000000017,4690.18,0.01999999999999999,0.10999999999999999,105.85999999999996,36.6626,-0.25555116641598374,-1.9609215935811761,0.0,17.605162658059555,-11.884761976159126,-0.8074325142933461,-37.32676993739284,-7.296495820671382
0.125,-0.5,3.85,1.64,21811.93,0.16,0.48,619.61,379.5987,209.51534729003907,52.73264980316162,256.7255012512207,205.58433532714844,126.36299896240234,20.75749988555908,191.20800170898437,67.75294036865235,0.0,0.0,0.0,-0.33000000000000007,5285.450000000001,0.04000000000000001,0.12,138.03000000000003,80.47840000000002,-15.186759730747752,-15.822254952930265,-54.10680935199446,-30.955029442196803,-10.412239074707031,-2.532024101983936,-25.319140043712792,-5.784718686058412
0.125,-0.5,3.85,3.22,34581.71,0.31,0.28,1189.16,1243.1162,209.4805401888761,56.01336375149813,231.99136352539065,208.97318337180397,126.77863589200106,25.126818136735395,192.4500004161488,69.51862473921342,0.0,0.0,0.0,1.5800000000000003,12769.779999999999,0.15,-0.19999999999999996,569.5500000000001,863.5174999999999,-0.03480710116298269,3.280713948336512,-24.73413772583004,3.388848044655532,0.415636929598719,4.369318251176313,1.2419987071644414,1.7656843705610754
0.125,-0.5,3.85,9.46,46022.39,0.84,0.49,1692.56,5580.9197,199.40736389160156,59.3558098929269,236.20714314778647,219.71158781505767,104.35999879382904,22.53714288984026,178.12047613234748,68.34152712140765,0.0,0.0,0.0,6.24,11440.68,0.53,0.20999999999999996,503.39999999999986,4337.8035,-10.073176297274529,3.3424461414287663,4.215779622395814,10.7384044432537,-22.418637098172027,-2.5896752468951334,-14.329524283801334,-1.1770976178057708
0.125,-0.5,3.85,14.76,54689.45,1.17,0.49,1726.05,5483.216,173.97135162353516,70.36709126559171,255.8609085083008,235.0810616233132,88.6236360723322,23.99272727966309,155.07000038840553,66.091120633212,0.0,0.0,0.0,5.299999999999999,8667.059999999998,0.32999999999999996,0.0,33.49000000000001,-97.70370000000003,-25.436012268066406,11.011281372664811,19.653765360514342,15.36947380825552,-15.736362721496832,1.4555843898228282,-23.050475743941945,-2.250406488195651
0.125,-0.5,3.85,30.94,57154.9,1.25,1.22,2278.52,18475.562,153.81262715657553,62.34628532046363,245.93238321940103,251.3174627394903,99.18714323497954,26.659523827689036,159.98619006928942,72.31680588495163,0.0,0.0,0.0,16.18,2465.4500000000044,0.08000000000000007,0.73,552.47,12992.346000000001,-20.158724466959626,-8.020805945128082,-9.928525288899777,16.23640111617712,10.56350716264734,2.666796548025946,4.916189680883889,6.225685251739634
0.125,-0.5,3.85,40.03,46689.67,1.64,1.28,3130.12,43890.8684,158.38060724167596,70.93237976800827,278.74571446010043,292.78301711309524,93.93904767717632,24.338571366809663,164.75333513532365,73.97404370989118,0.0,0.0,0.0,9.09,-10465.230000000003,0.3899999999999999,0.06000000000000005,851.5999999999999,25415.306399999998,4.56798008510043,8.586094447544646,32.8133312406994,41.46555437360493,-5.248095557803225,-2.320952460879372,4.767145066034232,1.6572378249395427
0.125,-0.5,3.85,35.58,35809.1,1.48,0.81,2337.91,30440.38,148.2462430681501,76.27023824055989,332.6309552873884,373.5541251046317,84.68904731387184,23.211904707409087,159.61809576125373,78.52916681198846,0.0,0.0,0.0,-4.450000000000003,-10880.57,-0.15999999999999992,-0.47,-792.21,-13450.488399999998,-10.134364173525853,5.337858472551616,53.88524082728799,80.77110799153644,-9.25000036330448,-1.126666659400577,-5.135239374069926,4.5551231020972835
0.125,-0.5,3.85,33.92,34247.19,1.4,0.67,2212.86,24316.6727,116.54262324741909,59.7077142624628,262.721427554176,339.028570265997,58.91952351161411,18.886666434151785,144.39571489606584,69.6226566859654,0.0,0.0,0.0,-1.6599999999999966,-1561.9099999999962,-0.08000000000000007,-0.14,-125.04999999999973,-6123.707300000002,-31.70361982073102,-16.56252397809709,-69.90952773321243,-34.52555483863466,-25.76952380225773,-4.325238273257302,-15.222380865187887,-8.906510126023065
